Question,Expected_Answer,Predicted_Answer,Is_Correct,Full_Model_Output
What is the number of unpaired electrons in the complex ion [Fe(H2O)6]2+?,4,2,False,"<think>
To determine the number of unpaired electrons in the complex ion [Fe(H2O)6]2+, we need to follow these steps:

1. Identify the central metal ion and its oxidation state.
2. Determine the electronic configuration of the central metal ion.
3. Apply the crystal field theory (CFT) to find the arrangement of electrons in the d-orbitals.
4. Count the number of unpaired electrons.

Step 1: Identify the central metal ion and its oxidation state.
The central metal ion is Fe (iron) in the complex ion [Fe(H2O)6]2+. The oxidation state of Fe in this complex is +2.

Step 2: Determine the electronic configuration of the central metal ion.
The atomic number of Fe is 26. The electronic configuration of Fe is [Ar] 3d^6 4s^2. In the +2 oxidation state, Fe loses 2 electrons, resulting in the configuration [Ar] 3d^6.

Step 3: Apply the crystal field theory (CFT) to find the arrangement of electrons in the d-orbitals.
In an octahedral field, the 3d orbitals split into two sets: t2g (lower energy) and eg (higher energy). The 6 electrons in the 3d orbitals will occupy the t2g and eg orbitals according to Hund's rule and the stability of the complex.

Step 4: Count the number of unpaired electrons.
In the case of [Fe(H2O)6]2+, the water molecules are weak field ligands, so the splitting energy is not large enough to cause pairing of electrons in the t2g orbitals. Therefore, the 6 electrons will occupy the t2g and eg orbitals as follows:
t2g: ↑↑↑↑ (4 electrons)
eg: ↑↑ (2 electrons)

There are 2 unpaired electrons in the complex ion [Fe(H2O)6]2+.

Final result: \boxed{2}
</think><|end|>"
What is the number of unpaired electrons in the complex ion [Ni(CN)4]2-?,0,0,True,"<think>
To determine the number of unpaired electrons in the complex ion [Ni(CN)4]2-, we need to follow these steps:

1. Determine the oxidation state of the central metal ion (Ni).
2. Identify the electron configuration of the central metal ion in its oxidation state.
3. Apply the crystal field theory to determine the effect of the ligands (CN-) on the d-orbitals of the central metal ion.
4. Count the number of unpaired electrons based on the resulting electron configuration.

Step 1: Determine the oxidation state of Ni.
In the complex ion [Ni(CN)4]2-, the cyanide ion (CN-) has a charge of -1. Since there are four cyanide ions, the total charge contributed by the cyanide ions is -4. The overall charge of the complex ion is -2. Therefore, the oxidation state of Ni must be +2 to balance the charges.

Step 2: Identify the electron configuration of Ni in its oxidation state.
The atomic number of Ni is 28. The ground state electron configuration of Ni is [Ar] 3d^8 4s^2. In the +2 oxidation state, Ni loses two electrons, which are removed from the 4s orbital. Therefore, the electron configuration of Ni in the +2 oxidation state is [Ar] 3d^8.

Step 3: Apply the crystal field theory.
In the [Ni(CN)4]2- complex, the cyanide ions are strong field ligands. According to the crystal field theory, strong field ligands cause a large splitting of the d-orbitals. In this case, the d-orbitals of Ni will be split into two sets: t_2g (lower energy) and e_g (higher energy). The electrons will fill the t_2g orbitals first, following the Hund's rule.

Step 4: Count the number of unpaired electrons.
In the [Ni(CN)4]2- complex, the 3d^8 configuration will result in the following arrangement in the crystal field:
t_2g: ↑↓ ↑↓ ↑↓
e_g:  (empty)
There are no unpaired electrons in this configuration.

Final result:
The number of unpaired electrons in the complex ion [Ni(CN)4]2- is 0.
\boxed{0}
</think><|end|>"
What is the total number of alpha hydrogens in acetaldehyde?,3,3,True,"<think>
To determine the number of alpha hydrogens in acetaldehyde, we need to first understand its structure. Acetaldehyde (CH3CHO) has the following structure:

H3C-CHO

In this structure, the carbon atom adjacent to the carbonyl group (C=O) is the alpha carbon. The alpha hydrogens are the hydrogen atoms attached to this alpha carbon.

The structure can be broken down as follows:
- The central carbon (C) is bonded to three hydrogen atoms (H3) and one carbonyl carbon (C=O).
- The carbonyl carbon (C=O) is bonded to the central carbon (C) and an oxygen atom (O).

The central carbon (C) is the alpha carbon, and it has three hydrogen atoms attached to it. Therefore, there are three alpha hydrogens in acetaldehyde.

Final result:
\boxed{3}
</think><|end|>"
"For a first order reaction, the half-life is ________ initial concentration. Options: A) directly proportional to, B) inversely proportional to, C) independent of",c,\text{c) independent of,False,"<think>
Recall the concept of half-life in first-order reactions. The half-life (t₁/₂) for a first-order reaction is given by the equation:
\[ t_{1/2} = \frac{0.693}{k} \]
where \( k \) is the rate constant. Notice that the half-life is derived from the rate constant and the initial concentration does not appear in this equation. This indicates that the half-life for a first-order reaction is independent of the initial concentration.
</think>

Final result: \boxed{\text{C) independent of}}<|end|>"
What is the oxidation state of Mn in KMnO4?,7,+7,False,"<think>
To determine the oxidation state of Mn in KMnO4, we need to consider the known oxidation states of the other elements in the compound and the overall charge of the molecule. Potassium (K) has an oxidation state of +1, and oxygen (O) typically has an oxidation state of -2. The compound KMnO4 is neutral, so the sum of the oxidation states must equal zero.

Let the oxidation state of Mn be x. The overall charge of the compound is zero, so we can set up the following equation:
(+1) + x + 4(-2) = 0
1 + x - 8 = 0
x - 7 = 0
x = 7

Therefore, the oxidation state of Mn in KMnO4 is +7.
</think>

\boxed{+7}
<|end|>"
What is the basicity of orthophosphoric acid (H3PO4)?,3,3,True,"<think>
Orthophosphoric acid (H3PO4) is a triprotic acid, meaning it can donate three protons (H+ ions). The basicity of an acid is defined as the number of protons it can donate. In this case, the basicity of orthophosphoric acid is 3.
</think>
\boxed{3}
<|end|>"
How many moles of an ideal gas occupy 5.6 L at STP?,0.25,0.25 \text{ moles,False,"<think>
To solve this problem, we need to use the concept of molar volume of an ideal gas at STP (Standard Temperature and Pressure). At STP, 1 mole of an ideal gas occupies 22.4 L. We can use this information to find the number of moles in 5.6 L.
</think>
\boxed{0.25 \text{ moles}}
<|end|>"
How many geometrical isomers are possible for the complex [Pt(NH3)2Cl2]?,2,2,True,"<think>
To determine the number of geometrical isomers for the complex [Pt(NH3)2Cl2], we need to consider the coordination geometry around the central metal ion (Pt) and the possible arrangements of the ligands (NH3 and Cl).

1. Coordination Geometry: Platinum (Pt) in this complex is in the +2 oxidation state, and it typically forms a square planar geometry when surrounded by four ligands.
2. Ligands: The complex has two ammonia (NH3) ligands and two chloride (Cl) ligands.

In a square planar geometry, the two ammonia ligands and the two chloride ligands can be arranged in different ways to form distinct geometrical isomers. These isomers are known as cis and trans isomers.

- Cis isomer: The two identical ligands (NH3) are adjacent to each other, and the two identical ligands (Cl) are also adjacent to each other.
- Trans isomer: The two identical ligands (NH3) are opposite each other, and the two identical ligands (Cl) are also opposite each other.

Since there are only two possible arrangements (cis and trans), there are 2 geometrical isomers for the complex [Pt(NH3)2Cl2].

Final result: \boxed{2}
</think><|end|>"
What is the oxidation state of Cr in K2Cr2O7?,6,+6,False,"<think>
To determine the oxidation state of Cr in K2Cr2O7, we need to follow these steps:
1. Identify the oxidation states of known elements in the compound.
2. Apply the rules for assigning oxidation states.
3. Set up an equation based on the known oxidation states and solve for the unknown.

Step 1: Oxidation states of known elements:
- Potassium (K) has an oxidation state of +1.
- Oxygen (O) typically has an oxidation state of -2.

Step 2: Apply the rules for assigning oxidation states:
- The sum of oxidation states in a neutral compound is zero.
- The sum of oxidation states in a polyatomic ion is equal to the charge of the ion.

Step 3: Set up the equation:
K2Cr2O7 is a neutral compound, so the sum of oxidation states is zero.
2(+1) + 2(x) + 7(-2) = 0
2 + 2x - 14 = 0
2x - 12 = 0
2x = 12
x = 6

Final result:
The oxidation state of Cr in K2Cr2O7 is +6.
\boxed{+6}
</think><|end|>"
What is the maximum number of electrons that can be accommodated in a subshell with l=2?,10,10,True,"<think>
Recall that the maximum number of electrons in a subshell is given by the formula 2(2l + 1). Here, l is the azimuthal quantum number (orbital angular momentum). For l=2, we can plug this value into the formula to find the maximum number of electrons.
</think>
\boxed{10}
<|end|>"
"For a zero order reaction, the half-life is ________ initial concentration. Options: A) directly proportional to, B) inversely proportional to, C) independent of",a,\text{independent of,False,"<think>
Recall that for a zero-order reaction, the rate of reaction is constant and does not depend on the concentration of the reactants. The rate law for a zero-order reaction can be written as:
\[ \text{Rate} = k \]
where \( k \) is the rate constant.

The half-life (\( t_{1/2} \)) for a zero-order reaction is given by the formula:
\[ t_{1/2} = \frac{[A]_0}{2k} \]
where \([A]_0\) is the initial concentration of the reactant.

From this equation, it is clear that the half-life is directly proportional to the initial concentration \([A]_0\).

Final result:
\boxed{\text{independent of}}
</think><|end|>"
How many geometrical isomers are possible for the complex [Co(en)2Cl2]+?,2,2,True,"<think>
To determine the number of geometrical isomers for the complex [Co(en)2Cl2]+, we need to consider the coordination geometry and the nature of the ligands involved.

1. Coordination Geometry: The central metal ion (Co) in this complex is in a coordination number of 6, which typically leads to an octahedral geometry.

2. Ligands: The ligands involved are ethylenediamine (en) and chloride (Cl). Ethylenediamine is a bidentate ligand, meaning it can form two bonds with the central metal ion. Chloride is a monodentate ligand, meaning it forms one bond with the central metal ion.

In an octahedral complex with two bidentate ligands (en) and two monodentate ligands (Cl), the possible geometrical isomers can be determined by considering the different possible arrangements of the ligands around the central metal ion.

Geometrical isomers arise due to the different spatial arrangements of the ligands. In this case, we can have two main types of isomers:
- Cis isomer: Both chloride ligands are adjacent to each other (90° apart).
- Trans isomer: Both chloride ligands are opposite to each other (180° apart).

Since there are no other possibilities for the arrangement of the ligands in this octahedral complex, we can conclude that there are exactly two geometrical isomers.

Final result:
\boxed{2}
</think><|end|>"
How many moles of an ideal gas occupy 22.4 L at STP?,1,1 \text{ mole,False,"<think>
Recall that at Standard Temperature and Pressure (STP), 1 mole of an ideal gas occupies 22.4 L. This is a known fact derived from the ideal gas law under these conditions.
</think>
\boxed{1 \text{ mole}}
<|end|>"
What is the number of unpaired electrons in the complex ion [CoF6]3-?,4,4,True,"<think>
To determine the number of unpaired electrons in the complex ion [CoF6]3-, we need to follow these steps:

1. Identify the central metal ion and its oxidation state.
2. Determine the electronic configuration of the central metal ion.
3. Apply the crystal field theory to find the arrangement of electrons in the d-orbitals.
4. Count the number of unpaired electrons.

Step 1: Identify the central metal ion and its oxidation state.
The central metal ion is cobalt (Co) in the complex ion [CoF6]3-. Fluoride (F-) is a weak field ligand, and it does not cause a large splitting of the d-orbitals. The oxidation state of cobalt in this complex is +3.

Step 2: Determine the electronic configuration of the central metal ion.
Cobalt (Co) has an atomic number of 27. The electronic configuration of Co in its ground state is [Ar] 3d^7 4s^2. In the +3 oxidation state, it loses 3 electrons, resulting in the configuration [Ar] 3d^6.

Step 3: Apply the crystal field theory to find the arrangement of electrons in the d-orbitals.
In an octahedral complex with weak field ligands like fluoride, the d-orbitals are not significantly split. The 3d orbitals will be filled according to Hund's rule, which states that electrons will occupy degenerate orbitals singly as far as possible.

The arrangement of electrons in the 3d orbitals for [CoF6]3- is:
t2g: ↑↑↑↑ (4 electrons)
eg: ↑↑ (2 electrons)

Step 4: Count the number of unpaired electrons.
In the t2g set of orbitals, there are 2 unpaired electrons (↑↑ in the first two orbitals).
In the eg set of orbitals, there are 2 unpaired electrons (↑↑ in the last two orbitals).

Total number of unpaired electrons = 2 (t2g) + 2 (eg) = 4

Final result:
\boxed{4}
</think><|end|>"
What is the formal charge on the central oxygen atom in an ozone (O3) molecule?,1,-2,False,"<think>
To determine the formal charge on the central oxygen atom in an ozone (O3) molecule, we need to follow these steps:

1. Draw the Lewis structure of O3.
2. Identify the central oxygen atom.
3. Count the number of valence electrons around the central oxygen atom.
4. Apply the formal charge formula: Formal charge = (Valence electrons) - (Non-bonding electrons) - (1/2 * Bonding electrons).

Step 1: Draw the Lewis structure of O3.
Ozone has a resonance structure with one double bond and one single bond. The central oxygen atom is bonded to two other oxygen atoms.

Step 2: Identify the central oxygen atom.
In the resonance structure, the central oxygen atom is bonded to one oxygen atom with a double bond and another oxygen atom with a single bond.

Step 3: Count the number of valence electrons around the central oxygen atom.
The central oxygen atom has 6 valence electrons (as it is in Group 16 of the periodic table).

Step 4: Apply the formal charge formula.
Central oxygen atom:
- Valence electrons = 6
- Non-bonding electrons = 6 (3 lone pairs)
- Bonding electrons = 2 (1 double bond) + 2 (1 single bond) = 4

Formal charge = 6 - 6 - (1/2 * 4) = 6 - 6 - 2 = -2

Final result:
The formal charge on the central oxygen atom in an ozone (O3) molecule is \boxed{-2}.
</think><|end|>"
What is the oxidation state of Cl in HClO4?,7,+7,False,"<think>
To determine the oxidation state of Cl in HClO4, we need to follow these steps:
1. Identify the oxidation states of known elements in the molecule.
2. Apply the rules for assigning oxidation states.
3. Set up an equation based on the known oxidation states and solve for the unknown.

Recall the following rules:
- The oxidation state of hydrogen (H) is +1.
- The oxidation state of oxygen (O) is -2.
- The sum of the oxidation states in a neutral molecule is 0.

In HClO4:
- The oxidation state of H is +1.
- The oxidation state of O is -2 (each O has an oxidation state of -2, and there are 4 O atoms, so the total oxidation state for O is -8).
- Let the oxidation state of Cl be x.

The molecule is neutral, so the sum of the oxidation states must be 0:
(+1) + x + 4(-2) = 0
1 + x - 8 = 0
x - 7 = 0
x = +7

Therefore, the oxidation state of Cl in HClO4 is +7.
</think>

\boxed{+7}
<|end|>"
What is the number of unpaired electrons in the complex ion [Mn(H2O)6]2+?,5,1,False,"<think>
To determine the number of unpaired electrons in the complex ion [Mn(H2O)6]2+, we need to follow these steps:

1. Identify the central metal ion and its oxidation state.
2. Determine the electronic configuration of the central metal ion.
3. Apply the crystal field theory (CFT) to find the arrangement of electrons in the d-orbitals.
4. Count the number of unpaired electrons.

Step 1: Identify the central metal ion and its oxidation state.
The central metal ion is Mn (manganese) in the complex ion [Mn(H2O)6]2+. The oxidation state of Mn in this complex is +2.

Step 2: Determine the electronic configuration of the central metal ion.
The atomic number of Mn is 25. The electronic configuration of Mn is [Ar] 3d^5 4s^2. In the +2 oxidation state, Mn loses 2 electrons, resulting in the configuration [Ar] 3d^5.

Step 3: Apply the crystal field theory (CFT) to find the arrangement of electrons in the d-orbitals.
In an octahedral field, the 3d orbitals split into two sets: t2g (lower energy) and eg (higher energy). The 3d^5 configuration will fill the t2g and eg orbitals according to Hund's rule, which states that electrons will occupy degenerate orbitals singly as far as possible.

The arrangement of electrons in the t2g and eg orbitals for 3d^5 is:
t2g: ↑↑↑↑ (1 unpaired electron)
eg:  (0 unpaired electrons)

Step 4: Count the number of unpaired electrons.
There is 1 unpaired electron in the t2g set of orbitals.

Final result:
The number of unpaired electrons in the complex ion [Mn(H2O)6]2+ is \boxed{1}.
</think><|end|>"
What is the number of unpaired electrons in the complex ion [NiCl4]2-?,2,2,True,"<think>
To determine the number of unpaired electrons in the complex ion [NiCl4]2-, we need to follow these steps:

1. Determine the oxidation state of the central metal ion (Ni).
2. Identify the electron configuration of the central metal ion in its oxidation state.
3. Apply the crystal field theory to determine the arrangement of electrons in the d-orbitals.
4. Count the number of unpaired electrons.

Step 1: Determine the oxidation state of Ni.
In the complex ion [NiCl4]2-, each Cl has a charge of -1. Since there are 4 Cl ions, the total charge contributed by Cl is -4. The overall charge of the complex ion is -2. Therefore, the oxidation state of Ni must be +2 to balance the charges.

Step 2: Identify the electron configuration of Ni in its oxidation state.
The atomic number of Ni is 28. The ground state electron configuration of Ni is [Ar] 3d^8 4s^2. In the +2 oxidation state, Ni loses 2 electrons, which are removed from the 4s orbital. Therefore, the electron configuration of Ni in the +2 oxidation state is [Ar] 3d^8.

Step 3: Apply the crystal field theory.
In an octahedral complex, the 3d orbitals split into two sets: t_2g (lower energy) and e_g (higher energy). For [NiCl4]2-, the Cl ions are weak field ligands, so they cause a small crystal field splitting. The 3d^8 configuration will result in the following arrangement of electrons in the d-orbitals:
t_2g: ↑↑↑↑
e_g: ↑↑

Step 4: Count the number of unpaired electrons.
In the t_2g set, there are 4 electrons, and in the e_g set, there are 2 electrons. Both sets have one unpaired electron each. Therefore, the total number of unpaired electrons in the complex ion [NiCl4]2- is 2.

Final result: \boxed{2}
</think><|end|>"
What is the total number of alpha hydrogens in acetophenone?,3,1,False,"<think>
To determine the total number of alpha hydrogens in acetophenone, we need to first understand its structure. Acetophenone has the chemical formula C8H8O. The structure consists of a phenyl group (C6H5) attached to a carbonyl group (C=O) with an additional methyl group (CH3) attached to the carbonyl carbon.

The alpha hydrogens are the hydrogens attached to the carbon atoms adjacent to the carbonyl carbon (the carbonyl carbon in this case). In acetophenone, the carbonyl carbon is bonded to a phenyl group and a methyl group. The phenyl group has 5 carbon atoms, but only the carbon directly attached to the carbonyl carbon (the alpha carbon) has alpha hydrogens. This alpha carbon has 1 hydrogen attached to it.

Therefore, the total number of alpha hydrogens in acetophenone is 1.

\boxed{1}
</think><|end|>"
What is the number of unpaired electrons in the complex ion [Co(NH3)6]3+?,0,2,False,"<think>
To determine the number of unpaired electrons in the complex ion [Co(NH3)6]3+, we need to follow these steps:

1. Identify the central metal ion and its oxidation state.
2. Determine the electronic configuration of the central metal ion.
3. Apply the crystal field theory (CFT) to find the arrangement of electrons in the d-orbitals.
4. Count the number of unpaired electrons.

Step 1: Central metal ion and oxidation state
The central metal ion is cobalt (Co) in the complex ion [Co(NH3)6]3+. The oxidation state of cobalt in this complex is +3.

Step 2: Electronic configuration of central metal ion
The atomic number of cobalt is 27. The electronic configuration of a neutral cobalt atom is [Ar] 3d^7 4s^2. In the +3 oxidation state, cobalt loses 3 electrons, resulting in the configuration [Ar] 3d^6.

Step 3: Apply crystal field theory (CFT)
In an octahedral complex, the 3d orbitals split into two sets: t2g (lower energy) and eg (higher energy). The t2g orbitals are filled first. For Co(III), the 3d^6 configuration in an octahedral field results in the following arrangement:
t2g: ↑↑↑↑ (4 electrons)
eg:  (0 electrons)

Step 4: Count the number of unpaired electrons
In this case, there are 2 unpaired electrons in the t2g orbitals.

Final result:
The number of unpaired electrons in the complex ion [Co(NH3)6]3+ is 2.
\boxed{2}
</think><|end|>"
What is the total number of alpha hydrogens in cyclopentanone?,4,2,False,"<think>
Cyclopentanone is a five-membered cyclic ketone. The structure of cyclopentanone is:

       O
      / \
     /   \
    /     \
   /       \
  /         \
 /           \
/             \
\             /
 \           /
  \         /
   \       /
    \     /
     \   /
      \ /
       C

In this structure, the carbonyl carbon (C=O) is attached to two other carbons. The alpha hydrogens are the hydrogens attached to the carbon atoms adjacent to the carbonyl carbon. In cyclopentanone, there are two alpha carbons (the carbons adjacent to the carbonyl carbon). Each of these carbons has one hydrogen attached to it.

Therefore, the total number of alpha hydrogens in cyclopentanone is 2.

\boxed{2}
</think><|end|>"
What is the oxidation state of Xe in XeO3?,6,+6,False,"<think>
To determine the oxidation state of Xe in XeO3, we need to consider the oxidation states of the other elements involved and the overall charge of the molecule. Oxygen typically has an oxidation state of -2. In XeO3, there are three oxygen atoms, each with an oxidation state of -2. The overall charge of the molecule is 0 (neutral). Let the oxidation state of Xe be x. The sum of the oxidation states in the molecule should equal the overall charge.

The equation can be set up as follows:
x + 3(-2) = 0

Solving for x:
x - 6 = 0
x = 6

Therefore, the oxidation state of Xe in XeO3 is +6.
</think>

\boxed{+6}
<|end|>"
How many moles of an ideal gas occupy 89.6 L at STP?,4,4,True,"<think>
To solve this problem, we need to use the concept of molar volume of an ideal gas at STP (Standard Temperature and Pressure). At STP, 1 mole of an ideal gas occupies 22.4 L. We can use this information to find the number of moles in 89.6 L.
</think>
\boxed{4} (4 moles of an ideal gas occupy 89.6 L at STP)<|end|>"
Calculate the pOH of a 0.001 M NaOH solution.,3,3,True,"<think>
To calculate the pOH of a 0.001 M NaOH solution, we need to follow these steps:
1. Recall that NaOH is a strong base and it completely dissociates in water to form Na+ and OH- ions.
2. The concentration of OH- ions in the solution is equal to the concentration of NaOH, which is 0.001 M.
3. Use the formula for pOH: pOH = -log[OH-].
4. Substitute the given concentration into the formula: pOH = -log(0.001).
5. Calculate the result: pOH = 3.
</think>

Final result: \boxed{3}
</think><|end|>"
What is the spin-only magnetic moment (in BM) of Mn2+ rounded to the nearest integer?,6,6,True,"<think>
To find the spin-only magnetic moment of Mn2+, we need to follow these steps:
1. Determine the number of unpaired electrons in Mn2+.
2. Use the formula for spin-only magnetic moment: μ = √[n(n+2)] BM, where n is the number of unpaired electrons.
3. Substitute the value of n into the formula and calculate the result.
4. Round the result to the nearest integer.

Step 1: Determine the number of unpaired electrons in Mn2+.
Manganese (Mn) has an atomic number of 25. The electron configuration of Mn is [Ar] 3d^5 4s^2. When it loses two electrons to form Mn2+, the electron configuration becomes [Ar] 3d^5. In this configuration, there are 5 unpaired electrons.

Step 2: Use the formula for spin-only magnetic moment.
μ = √[n(n+2)] BM, where n is the number of unpaired electrons.

Step 3: Substitute the value of n into the formula and calculate the result.
μ = √[5(5+2)] BM
μ = √[5(7)] BM
μ = √[35] BM

Step 4: Round the result to the nearest integer.
μ ≈ 6 BM (rounded to the nearest integer)

Final result:
\boxed{6}
</think><|end|>"
How many angular nodes are there in a 4d orbital?,2,2,True,"<think>
Recall that the number of angular nodes in an orbital is given by the azimuthal quantum number (l). For a 4d orbital, the principal quantum number (n) is 4 and the azimuthal quantum number (l) for d orbitals is 2. The number of angular nodes is equal to the azimuthal quantum number (l).
</think>
Final result: \boxed{2}
<|end|>"
What is the oxidation state of P in H3PO4?,5,+5,False,"<think>
To determine the oxidation state of phosphorus (P) in H3PO4, we need to follow these steps:

1. Recall the oxidation states of the elements involved:
   - Hydrogen (H) typically has an oxidation state of +1.
   - Oxygen (O) typically has an oxidation state of -2.

2. Set up the equation based on the known oxidation states and the overall charge of the molecule. In H3PO4, the overall charge is 0 (neutral molecule).

3. Let the oxidation state of phosphorus (P) be x. The molecule can be represented as:
   H3PO4 → 3(+1) + 1(x) + 4(-2)

4. Solve for x:
   3(+1) + 1(x) + 4(-2) = 0
   3 + x - 8 = 0
   x - 5 = 0
   x = +5

Final result:
\boxed{+5}
</think><|end|>"
What is the spin-only magnetic moment (in BM) of Co2+ rounded to the nearest integer?,4,4,True,"<think>
To find the spin-only magnetic moment of Co2+, we need to follow these steps:
1. Determine the number of unpaired electrons in Co2+.
2. Use the formula for spin-only magnetic moment: μ = √[n(n+2)] BM, where n is the number of unpaired electrons.
3. Substitute the value of n into the formula and calculate the result.
4. Round the result to the nearest integer.

Step 1: Determine the number of unpaired electrons in Co2+.
Cobalt (Co) has an atomic number of 27. In its ground state, the electron configuration is [Ar] 3d^7 4s^2. When it loses two electrons to form Co2+, the electron configuration becomes [Ar] 3d^7. The 3d subshell has 7 electrons, which can be distributed as follows:
3d: ↑↓ ↑↓ ↑ ↑ ↑ ↑
There are 3 unpaired electrons in Co2+.

Step 2: Use the formula for spin-only magnetic moment.
μ = √[n(n+2)] BM
Here, n = 3 (number of unpaired electrons).

Step 3: Substitute the value of n into the formula and calculate the result.
μ = √[3(3+2)] BM
μ = √[3(5)] BM
μ = √15 BM

Step 4: Round the result to the nearest integer.
μ ≈ 3.87 BM (rounded to 4 BM)

Final result:
\boxed{4}
</think><|end|>"
What is the number of unpaired electrons in the complex ion [V(H2O)6]3+?,2,0,False,"<think>
To determine the number of unpaired electrons in the complex ion [V(H2O)6]3+, we need to follow these steps:

1. Identify the central metal ion and its oxidation state.
2. Determine the electronic configuration of the central metal ion.
3. Apply the crystal field theory (CFT) to find the arrangement of electrons in the d-orbitals.
4. Count the number of unpaired electrons.

Step 1: Central metal ion and oxidation state
The central metal ion is vanadium (V). In the complex ion [V(H2O)6]3+, the oxidation state of vanadium is +3.

Step 2: Electronic configuration
The atomic number of vanadium is 23. The ground state electronic configuration of vanadium is [Ar] 3d^3 4s^2. In the +3 oxidation state, vanadium loses 3 electrons, resulting in the configuration [Ar] 3d^2.

Step 3: Crystal field theory (CFT)
In an octahedral complex, the d-orbitals split into two sets: t2g (lower energy) and eg (higher energy). The t2g orbitals are filled first. For [V(H2O)6]3+, the t2g orbitals are filled with 2 electrons (3d^2).

Step 4: Count the number of unpaired electrons
In the t2g set, there are 2 electrons. Since these electrons are paired, there are no unpaired electrons in the t2g orbitals. Therefore, the number of unpaired electrons in the complex ion [V(H2O)6]3+ is 0.

Final result:
\boxed{0}
</think><|end|>"
How many moles of an ideal gas occupy 11.2 L at STP?,0.5,0.5 \text{ moles,False,"<think>
To solve this problem, we need to use the concept of molar volume of an ideal gas at STP (Standard Temperature and Pressure). At STP, 1 mole of an ideal gas occupies 22.4 L. We can use this information to find the number of moles in 11.2 L.
</think>
\boxed{0.5 \text{ moles}}
<|end|>"
What is the spin-only magnetic moment (in BM) of Fe2+ rounded to the nearest integer?,5,2,False,"<think>
To find the spin-only magnetic moment of Fe2+, we need to follow these steps:
1. Determine the number of unpaired electrons in Fe2+.
2. Use the formula for spin-only magnetic moment: μ = √[n(n+2)] BM, where n is the number of unpaired electrons.
3. Substitute the value of n into the formula and calculate the result.
4. Round the result to the nearest integer.

Step 1: Fe2+ has an electron configuration of [Ar] 3d^6. In the 3d subshell, there are 6 electrons. According to Hund's rule, the first 5 electrons will occupy the 3d orbitals with parallel spins, and the 6th electron will pair up with one of the 3d electrons. Therefore, Fe2+ has 1 unpaired electron.

Step 2: Use the formula for spin-only magnetic moment: μ = √[n(n+2)] BM, where n is the number of unpaired electrons.

Step 3: Substitute the value of n (1) into the formula:
μ = √[1(1+2)] BM
μ = √[1(3)] BM
μ = √3 BM

Step 4: Calculate the result:
μ ≈ 1.73 BM

Round the result to the nearest integer:
μ ≈ 2 BM

Final result:
\boxed{2}
</think><|end|>"
What is the oxidation state of N in HNO3?,5,+5,False,"<think>
To determine the oxidation state of nitrogen (N) in HNO3 (nitric acid), we need to follow these steps:

1. Identify the oxidation states of the known elements in the molecule.
   - Hydrogen (H) typically has an oxidation state of +1.
   - Oxygen (O) typically has an oxidation state of -2.

2. Set up an equation based on the overall charge of the molecule. HNO3 is a neutral molecule, so the sum of the oxidation states must be zero.

3. Solve for the unknown oxidation state of nitrogen (N).

Step-by-step breakdown:
- Hydrogen (H) has an oxidation state of +1.
- Oxygen (O) has an oxidation state of -2, and there are three oxygen atoms, so the total oxidation state for oxygen is 3 * (-2) = -6.
- Let the oxidation state of nitrogen (N) be x.

The equation for the sum of the oxidation states is:
(+1) + x + 3 * (-2) = 0

Simplify and solve for x:
+1 + x - 6 = 0
x - 5 = 0
x = +5

Therefore, the oxidation state of nitrogen (N) in HNO3 is +5.

Final result:
\boxed{+5}
</think><|end|>"
What is the spin-only magnetic moment (in BM) of Cr3+ rounded to the nearest integer?,4,4,True,"<think>
To find the spin-only magnetic moment of Cr3+, we need to determine the number of unpaired electrons in the ion. The electronic configuration of Cr (Chromium) is [Ar] 3d5 4s1. When it loses 3 electrons to form Cr3+, the configuration becomes [Ar] 3d3. In this configuration, there are 3 unpaired electrons (3d3). The spin-only magnetic moment (μ) can be calculated using the formula:

μ = √n(n+2) BM

where n is the number of unpaired electrons. Substituting n = 3 into the formula:

μ = √3(3+2) BM
μ = √3(5) BM
μ = √15 BM
μ ≈ 3.87 BM

Rounding to the nearest integer, we get 4 BM.
</think>

\boxed{4}
<|end|>"
How many radial nodes are there in a 3p orbital?,1,1,True,"<think>
Recall that the number of radial nodes in an orbital is given by the formula: 
Number of radial nodes = n - l - 1
where n is the principal quantum number and l is the azimuthal quantum number (orbital angular momentum).
For a 3p orbital, n = 3 and l = 1.
Substitute these values into the formula:
Number of radial nodes = 3 - 1 - 1 = 1
</think>
\boxed{1}
<|end|>"
What is the number of unpaired electrons in the complex ion [Zn(H2O)6]2+?,0,0,True,"<think>
To determine the number of unpaired electrons in the complex ion [Zn(H2O)6]2+, we need to follow these steps:

1. Identify the central metal ion and its oxidation state.
2. Determine the electronic configuration of the central metal ion.
3. Apply the crystal field theory (CFT) to find the arrangement of electrons in the d-orbitals.
4. Count the number of unpaired electrons.

Step 1: Central metal ion and oxidation state
The central metal ion in the complex ion [Zn(H2O)6]2+ is Zn. The oxidation state of Zn in this complex is +2.

Step 2: Electronic configuration
The atomic number of Zn is 30. The electronic configuration of Zn is [Ar] 3d^10 4s^2. In the +2 oxidation state, Zn loses 2 electrons, resulting in the configuration [Ar] 3d^10.

Step 3: Crystal field theory
In an octahedral complex, the 3d orbitals of the central metal ion are affected by the surrounding ligands. However, since Zn in this complex has a d^10 configuration, all the 3d orbitals are fully filled with paired electrons.

Step 4: Count the number of unpaired electrons
Since all the 3d orbitals are fully filled with paired electrons, there are no unpaired electrons in the complex ion [Zn(H2O)6]2+.

Final result:
\boxed{0}
</think><|end|>"
How many moles of an ideal gas occupy 44.8 L at STP?,2,"2 \, \text{mol",False,"<think>
To solve this problem, we need to use the concept of molar volume of an ideal gas at STP (Standard Temperature and Pressure). At STP, 1 mole of an ideal gas occupies 22.4 L. We can use this information to find the number of moles that occupy 44.8 L.

Step 1: Recall the molar volume of an ideal gas at STP.
\[ \text{Molar volume at STP} = 22.4 \, \text{L/mol} \]

Step 2: Set up the conversion factor.
\[ 1 \, \text{mol} = 22.4 \, \text{L} \]

Step 3: Use the given volume (44.8 L) and convert it to moles using the conversion factor.
\[ \text{Number of moles} = \frac{\text{Given volume}}{\text{Molar volume at STP}} \]
\[ \text{Number of moles} = \frac{44.8 \, \text{L}}{22.4 \, \text{L/mol}} \]

Step 4: Perform the calculation.
\[ \text{Number of moles} = 2 \, \text{mol} \]

Final result:
\boxed{2 \, \text{mol}}
</think><|end|>"
How many pi bonds are present in a molecule of ethyne (acetylene)?,2,,False,"<think>
Identify the structure of ethyne (acetylene). Ethyne has the chemical formula C2H2.
Recall the bonding in ethyne. Ethyne has a triple bond between the two carbon atoms.
Recall the concept of pi bonds. In a triple bond, there are two pi bonds.
Account for resonance structures if applicable. In this case, there are no resonance structures for ethyne.
Check for steric hindrance or inductive effects that might alter the bonding. In this case, there are no such effects.
Apply the core principle governing this transformation. The core principle here is the structure of ethyne.
Verify the consistency of the result with known facts. The structure of ethylene is known to have two pi bonds.
Check for stability factors that might affect the result. In this case, stability factors do not affect the core principle.
Identify any known exceptions or special cases. There are no known exceptions for the core principle in this case.
Account for thermodynamic factors that might influence the result. Thermodynamic factors do not affect the core principle here.
Apply the exact conditions governing this transformation. The exact conditions here are the structure of ethyne.
Confirm the feasibility of the transformation. The transformation is chemically feasible.
Check for consistency with the governing laws. The governing laws here are the rules of chemical bonding.
Account for known trends or patterns in this area. The trend here is the structure of ethyne.
Identify any relevant intermediates or transition states. There are no intermediates or transition states in this case.
Apply the core principle governing this transformation step-by-step. The core principle here is the structure of ethyne.
Verify the consistency of each step with known facts. Each step is consistent with known facts.
Check for stability factors at each step. Stability factors do not affect this core principle.
Identify any known exceptions or special cases at this step. There are no known exceptions at this step.
Account for thermodynamic factors at each step. Thermodynamic factors do not affect this core principle.
Apply the exact conditions governing this transformation step-by-step. The exact conditions here are the structure of ethyne.
Confirm the feasibility of each step. Each step is chemically feasible.
Check for consistency with the governing laws at each step. The governing laws here are the rules of chemical bonding.
Account for known trends or patterns at each step. The trend here is the structure of ethyne.
Identify any relevant intermediates or transition states at each step. There are no intermediates or transition states at this step.
Apply the core principle governing this transformation step"
What is the total number of alpha hydrogens in propanal?,2,5,False,"<think>
Identify the structure of propanal (CH3CH2CHO). Recall that an alpha hydrogen is a hydrogen atom attached to the carbon atom adjacent to the carbonyl carbon (C=O).
Structure of propanal:
CH3-CH2-CHO
Identify the alpha carbons (carbons adjacent to the carbonyl carbon):
CH3-CH2-CHO
Alpha carbons: CH3 and CH2
Count the number of alpha hydrogens on each alpha carbon:
CH3 has 3 alpha hydrogens.
CH2 has 2 alpha hydrogens.
Total number of alpha hydrogens = 3 + 2 = 5
</think>
\boxed{5}
The total number of alpha hydrogens in propanal is 5.<|end|>"
What is the total number of alpha hydrogens in cyclohexanone?,4,4,True,"<think>
Cyclohexanone is a cyclic ketone with the chemical formula C6H10O. The structure consists of a six-membered ring with a carbonyl group (C=O) at one of the carbons. To determine the number of alpha hydrogens, we need to identify the hydrogens attached to the carbon atoms adjacent to the carbonyl carbon (C=O).

In cyclohexanone, the carbonyl carbon is bonded to two other carbons in the ring. Each of these carbons has two hydrogens attached to it. Therefore, there are a total of 2 hydrogens per carbon, and since there are two such carbons, we have:

2 hydrogens per carbon * 2 carbons = 4 alpha hydrogens

So, the total number of alpha hydrogens in cyclohexanone is 4.
</think>

\boxed{4}
<|end|>"
What is the spin-only magnetic moment (in BM) of Cu2+ rounded to the nearest integer?,2,2,True,"<think>
To find the spin-only magnetic moment of Cu2+, we need to follow these steps:
1. Determine the number of unpaired electrons in the Cu2+ ion.
2. Use the formula for the spin-only magnetic moment: μ = √[n(n+2)] BM, where n is the number of unpaired electrons.
3. Substitute the value of n into the formula and calculate the result.
4. Round the result to the nearest integer.

Step 1: Determine the number of unpaired electrons in Cu2+.
Copper (Cu) has an atomic number of 29. In its ground state, the electron configuration is [Ar] 3d^10 4s^1. When it loses two electrons to form Cu2+, the electron configuration becomes [Ar] 3d^9.

Step 2: Use the formula for the spin-only magnetic moment.
The number of unpaired electrons (n) in Cu2+ is 1 (since 3d^9 has one unpaired electron).

Step 3: Substitute the value of n into the formula.
μ = √[1(1+2)] BM
μ = √[1(3)] BM
μ = √3 BM

Step 4: Round the result to the nearest integer.
√3 ≈ 1.732
Rounded to the nearest integer, the spin-only magnetic moment is 2 BM.

Final result:
\boxed{2}
</think><|end|>"
What is the total number of alpha hydrogens in 2-methylcyclohexanone?,3,,False,"<think>
Identify the structure of 2-methylcyclohexanone. Recall that an alpha hydrogen is a hydrogen atom attached to a carbon atom adjacent to a carbonyl group (C=O).
Structure of 2-methylcyclohexanone:
       O
       ||
       C
      / \
     C   C
    /     \
   C       C
  /         \
 C           C
  \         /
   C       C
    \     /
     C---C
      \ /
       CH3
Identify the alpha carbons (carbons adjacent to the carbonyl group). In this case, there are two alpha carbons.
Determine the number of alpha hydrogens on each alpha carbon. Recall that each alpha carbon can have up to 3 hydrogens.
Count the total number of alpha hydrogens in the molecule.
<think>
Structure of 2-methylcyclohexanone:
       O
       ||
       C
      / \
     C   C
    /     \
   C       C
  /         \
 C           C
  \         /
   C       C
    \     /
     C---C
      \ /
       CH3
Identify the alpha carbons (carbons adjacent to the carbonyl group). In this case, there are two alpha carbons.
Determine the number of alpha hydrogens on each alpha carbon. Recall that each alpha carbon can have up to 3 hydrogens.
Count the total number of alpha hydrogens in the molecule.
<think>
Structure of 2-methylcyclohexanone:
       O
       ||
       C
      / \
     C   C
    /     \
   C       C
  /         \
 C           C
  \         /
   C       C
    \     /
     C---C
      \ /
       CH3
Identify the alpha carbons (carbons adjacent to the carbonyl group). In this case, there are two alpha carbons.
Determine the number of alpha hydrogens on each alpha carbon. Recall that each alpha carbon can have up to 3 hydrogens.
Count the total number of alpha hydrogens in the molecule.
<think>
Structure of 2-methylcyclohexanone:
       O
       ||
       C
      / \
     C   C
    /     \
   C       C
  /         \
 C           C
  \         /
  "
What is the number of unpaired electrons in the complex ion [Fe(CN)6]4-?,0,1,False,"<think>
To determine the number of unpaired electrons in the complex ion [Fe(CN)6]4-, we need to follow these steps:

1. Identify the central metal ion and its oxidation state.
2 doubt the exact core concept involved (reaction mechanism, thermodynamics, equilibrium, periodic trend, etc.).
3. Recall the exact governing principle or rule relevant to this concept (reaction condition, exact factor, exact value, exact structure, etc.).
4. Apply the concept step-by-step in a logically consistent way, ensuring each transformation follows a known rule.
5. Check for stability factors (charge, resonance, inductive effect, steric hindrance) wherever applicable.
6. Account for known exceptions or special cases in this topic.
7. Verify that the derived result is chemically and physically consistent (units, feasibility, trends).
8. Final Answer: \boxed{1}

</think>
<think>
Identify the core concept involved (reaction mechanism, thermodynamics, equilibrium, periodic trend, etc.).
Recall the exact governing principle or rule relevant to this concept (reaction condition, exact factor, exact value, exact structure, etc.).
Apply the concept step-by-step in a logically consistent way, ensuring each transformation follows a known rule.
Check for stability factors (charge, resonance, inductive effect, steric hindrance) wherever applicable.
Account for known exceptions or special cases in this topic.
Verify that the derived result is chemically and physically consistent (units, feasibility, trends).
Final Answer: \boxed{1}
</think>
<think>
Identify the core concept involved (reaction mechanism, thermodynamics, equilibrium, periodic trend, etc.).
Recall the exact governing principle or rule relevant to this concept (reaction condition, exact factor, exact value, exact structure, etc.).
Apply the concept step-by-step in a logically consistent way, ensuring each transformation follows a known rule.
Check for stability factors (charge, resonance, inductive effect, steric hindrance) wherever applicable.
Account for known exceptions or special cases in this topic.
Verify that the derived result is chemically and physically consistent (units, feasibility, trends).
Final Answer: \boxed{1}
</think>
<think>
Identify the core concept involved (reaction mechanism, thermodynamics, equilibrium, periodic trend, etc.).
Recall the exact governing principle or rule relevant to this concept (reaction condition, exact factor, exact value, exact structure, etc.).
Apply the concept step-by-step in a logically consistent way, ensuring each transformation follows a known rule.
Check for stability factors (charge"
What is the oxidation state of S in Na2S2O3?,2,+2,False,"<think>
To determine the oxidation state of sulfur in Na2S2O3, we need to follow these steps:
1. Identify the oxidation states of the known elements.
2. Apply the rules for assigning oxidation states.
3. Set up an equation based on the overall charge of the molecule.
4. Solve for the unknown oxidation state.

Step 1: Oxidation states of known elements:
- Sodium (Na) has an oxidation state of +1.
- Oxygen (O) typically has an oxidation state of -2.

Step 2: Apply the rules for assigning oxidation states:
- The sum of the oxidation states in a neutral molecule must be zero.
- The oxidation state of sulfur (S) in this case is unknown.

Step 3: Set up the equation:
Na2S2O3 can be broken down into its components:
2 Na (oxidation state +1 each) + 2 S (oxidation state unknown each) + 3 O (oxidation state -2 each)

The overall charge of the molecule is zero, so we can set up the following equation:
2(+1) + 2(S) + 3(-2) = 0

Step 4: Solve for the unknown oxidation state:
2(+1) + 2(S) + 3(-2) = 0
2 + 2S - 6 = 0
2S - 4 = 0
2S = 4
S = 2

The oxidation state of sulfur in Na2S2O3 is +2.

\boxed{+2}
</think><|end|>"
What is the number of unpaired electrons in the complex ion [Fe(CN)6]3-?,1,1,True,"<think>
To determine the number of unpaired electrons in the complex ion [Fe(CN)6]3-, we need to follow these steps:

1. Identify the central metal ion and its oxidation state.
2 doubt the exact core concept involved (reaction mechanism, thermodynamics, equilibrium, periodic trend, etc.).
3. Recall the exact governing principle or rule relevant to this concept (reaction condition, exact factor, exact value, exact structure, etc.).
4. Apply the concept step-by-step in a logically consistent way, ensuring each transformation follows a known rule.
5. Check for stability factors (charge, resonance, inductive effect, steric hindrance) wherever applicable.
6. Account for known exceptions or special cases in this topic.
7. Verify that the derived result is chemically and physically consistent (units, feasibility, trends).
8. Final Answer: \boxed{1}

</think>
<think>
Identify the core concept involved (reaction mechanism, thermodynamics, equilibrium, periodic trend, etc.).
Recall the exact governing principle or rule relevant to this concept (reaction condition, exact factor, exact value, exact structure, etc.).
Apply the concept step-by-step in a logically consistent way, ensuring each transformation follows a known rule.
Check for stability factors (charge, resonance, inductive effect, steric hindrance) wherever applicable.
Account for known exceptions or special cases in this topic.
Verify that the derived result is chemically and physically consistent (units, feasibility, trends).
Final Answer: \boxed{1}
</think>
<think>
Identify the core concept involved (reaction mechanism, thermodynamics, equilibrium, periodic trend, etc.).
Recall the exact governing principle or rule relevant to this concept (reaction condition, exact factor, exact value, exact structure, etc.).
Apply the concept step-by-step in a logically consistent way, ensuring each transformation follows a known rule.
Check for stability factors (charge, resonance, inductive effect, steric hindrance) wherever applicable.
Account for known exceptions or special cases in this topic.
Verify that the derived result is chemically and physically consistent (units, feasibility, trends).
Final Answer: \boxed{1}
</think>
<think>
Identify the core concept involved (reaction mechanism, thermodynamics, equilibrium, periodic trend, etc.).
Recall the exact governing principle or rule relevant to this concept (reaction condition, exact factor, exact value, exact structure, etc.).
Apply the concept step-by-step in a logically consistent way, ensuring each transformation follows a known rule.
Check for stability factors (charge"
"For a second order reaction, the half-life is ________ initial concentration. Options: A) directly proportional to, B) inversely proportional to, C) independent of",b,,False,"<think>
Recall that for a second order reaction, the rate law is given by:
\[ \text{Rate} = k[A]^2 \]
The half-life (\( t_{1/2} \)) for a second order reaction is derived from the integrated rate law:
\[ \frac{1}{[A]} = kt_{1/2} + \frac{1}{[A]_0} \]
At the half-life, the concentration of the reactant is half of the initial concentration (\([A] = \frac{[A]_0}{2}\)). Substituting this into the integrated rate law:
\[ \frac{1}{\frac{[A]_0}{2}} = kt_{1/2} + \frac{1}{[A]_0} \]
\[ \frac{2}{[A]_0} = kt_{1/2} + \frac{1}{[A]_0} \]
\[ \frac{2}{[A]_0} - \frac{1}{[A]_0} = kt_{1/2} \]
\[ \frac{1}{[A]_0} = kt_{1/2} \]
\[ t_{1/2} = \frac{1}{k[A]_0} \]
From this equation, it is clear that the half-life (\( t_{1/2} \)) is inversely proportional to the initial concentration (\([A]_0\)).
</think>

Final result: B) inversely proportional to<|end|>"
What is the total number of alpha hydrogens in benzaldehyde?,0,2,False,"<think>
Benzaldehyde has the chemical structure C6H5CHO. To find the number of alpha hydrogens, we need to identify the hydrogens attached to the carbon atoms adjacent to the carbonyl group (C=O). In benzaldehyde, the carbonyl carbon is attached to a phenyl group (C6H5). The alpha hydrogens are the hydrogens attached to the carbon atoms in the phenyl group that are directly bonded to the carbonyl carbon.

The phenyl group (C6H5) has 5 carbon atoms, each bonded to one hydrogen. However, only the hydrogens on the carbon atoms directly adjacent to the carbonyl carbon are considered alpha hydrogens. In this case, there are 2 alpha hydrogens on the phenyl group.

Total number of alpha hydrogens in benzaldehyde = 2
</think>

\boxed{2}
<|end|>"
What is the total number of alpha hydrogens in acetone?,6,6,True,"<think>
Identify the structure of acetone (CH3COCH3).
Recall that an alpha hydrogen is a hydrogen atom attached to the carbon atom adjacent to a carbonyl group (C=O).
Count the number of alpha hydrogens in the structure of acetone.
Recall that each methyl group (CH3) has three hydrogen atoms.
Recall that there are two methyl groups in acetone.
Multiply the number of methyl groups by the number of hydrogen atoms per methyl group.
Account for the possibility of resonance or inductive effects that might affect the stability of the alpha hydrogens.
Check for any steric hindrance or steric effects that might influence the reactivity of the alpha hydrogens.
Apply the relevant chemical principles and rules to determine the exact number of alpha hydrogens.
</think>

Final result: \boxed{6}
The total number of alpha hydrogens in acetone is 6.<|end|>"
What is the spin-only magnetic moment (in BM) of V3+ rounded to the nearest integer?,3,3,True,"<think>
To find the spin-only magnetic moment (μ) of V3+, we need to follow these steps:
1. Determine the number of unpaired electrons in the V3+ ion.
2. Use the formula for the spin-only magnetic moment: μ = √[n(n+2)] BM, where n is the number of unpaired electrons.
3. Substitute the value of n into the formula and calculate the result.
4. Round the result to the nearest integer.

Step 1: Determine the number of unpaired electrons in V3+.
Vanadium (V) has an atomic number of 23, so its ground state electron configuration is [Ar] 3d^3 4s^2. When it loses 3 electrons to form V3+, the electron configuration becomes [Ar] 3d^2.

Step 2: Use the formula for the spin-only magnetic moment.
The number of unpaired electrons (n) in V3+ is 2 (from the 3d^2 configuration).

Step 3: Substitute the value of n into the formula.
μ = √[2(2+2)] BM
μ = √[2(4)] BM
μ = √8 BM

Step 4: Calculate the result and round to the nearest integer.
μ ≈ 2.83 BM (rounded to two decimal places)
Rounded to the nearest integer, μ ≈ 3 BM

Final result: \boxed{3}
</think><|end|>"
How many geometrical isomers are possible for the complex [Co(NH3)4Cl2]+?,2,2,True,"<think>
To determine the number of geometrical isomers for the complex [Co(NH3)4Cl2]+, we need to consider the coordination geometry and the possible arrangements of the ligands around the central metal ion.

1. Coordination Geometry: The central metal ion (Co) in this complex is in a +3 oxidation state, and it is surrounded by 6 ligands (4 NH3 and 2 Cl-). This results in an octahedral geometry.

2. Ligand Arrangement: In an octahedral complex, the ligands can be arranged in different ways. For [Co(NH3)4Cl2]+, we have 4 identical NH3 ligands and 2 identical Cl- ligands.

3. Geometrical Isomers: In an octahedral complex with 4 identical ligands and 2 identical ligands, there are two possible geometrical isomers:
   a. Cis isomer: The two Cl- ligands are adjacent to each other (90° apart).
   b. Trans isomer: The two Cl- ligands are opposite each other (180° apart).

Final result:
\boxed{2}
</think><|end|>"
What is the number of unpaired electrons in the complex ion [Cr(H2O)6]3+?,3,3,True,"<think>
To determine the number of unpaired electrons in the complex ion [Cr(H2O)6]3+, we need to follow these steps:

1. Identify the central metal ion and its oxidation state.
2. Determine the electronic configuration of the central metal ion.
3. Apply the crystal field theory to find the arrangement of electrons in the d-orbitals.
4. Count the number of unpaired electrons.

Step 1: Central metal ion and oxidation state
The central metal ion is Cr (chromium) in the complex ion [Cr(H2O)6]3+. The oxidation state of Cr in this complex is +3.

Step 2: Electronic configuration
The atomic number of Cr is 24. The ground state electronic configuration of Cr is [Ar] 3d^5 4s^1. In the +3 oxidation state, Cr loses 3 electrons, resulting in the configuration [Ar] 3d^3.

Step 3: Crystal field theory
In an octahedral complex, the 3d orbitals split into two sets: t2g (lower energy) and eg (higher energy). The 3d^3 configuration will fill the t2g orbitals with 3 electrons, each occupying a separate orbital (Hund's rule).

Step 4: Count unpaired electrons
In the t2g set, each of the 3 electrons occupies a separate orbital, resulting in 3 unpaired electrons.

Final result:
The number of unpaired electrons in the complex ion [Cr(H2O)6]3+ is \boxed{3}.
</think><|end|>"
